{
  "generated_at": "2026-04-16T21:53:32.903692Z",
  "min_r2": 0.4,
  "curves": {
    "samur_ahty": {
      "model": "seasonal-rolling-v1",
      "coefs": [
        237.421807,
        0.063428,
        1.002848,
        -0.010431,
        0.141209,
        0.752033,
        -1.369886,
        -23.691636,
        0.013497,
        0.044264,
        -10.381887,
        8.32823
      ],
      "feature_names": [
        "intercept",
        "Q",
        "logQ",
        "Q_3d",
        "Q_7d",
        "logQ_3d",
        "sin_doy",
        "cos_doy",
        "Q_sin_doy",
        "Q_cos_doy",
        "sin_2doy",
        "cos_2doy"
      ],
      "r2": 0.8898,
      "n_pairs": 3728,
      "rmse_cm": 16.59,
      "discharge_range": [
        0.02,
        1008.25
      ]
    },
    "samur_luchek": {
      "model": "seasonal-rolling-v1",
      "coefs": [
        38.558188,
        0.092446,
        1.484136,
        -0.00515,
        0.129489,
        -1.486422,
        -2.070993,
        -32.21539,
        0.02696,
        0.046136,
        -12.219095,
        7.100454
      ],
      "feature_names": [
        "intercept",
        "Q",
        "logQ",
        "Q_3d",
        "Q_7d",
        "logQ_3d",
        "sin_doy",
        "cos_doy",
        "Q_sin_doy",
        "Q_cos_doy",
        "sin_2doy",
        "cos_2doy"
      ],
      "r2": 0.479,
      "n_pairs": 4365,
      "rmse_cm": 20.91,
      "discharge_range": [
        0.03,
        1163.13
      ]
    }
  },
  "diagnostics": [
    {
      "ok": true,
      "model": "seasonal-rolling-v1",
      "coefs": [
        176.239742,
        0.12339,
        1.227482,
        -0.014491,
        0.152967,
        -0.250003,
        -3.534589,
        -25.892603,
        0.024722,
        0.091944,
        -8.724147,
        6.637577
      ],
      "feature_names": [
        "intercept",
        "Q",
        "logQ",
        "Q_3d",
        "Q_7d",
        "logQ_3d",
        "sin_doy",
        "cos_doy",
        "Q_sin_doy",
        "Q_cos_doy",
        "sin_2doy",
        "cos_2doy"
      ],
      "n_train": 7759,
      "n_test": 126,
      "r2": 0.2295,
      "rmse_cm": 29.78,
      "mean_level_cm": 147.8,
      "discharge_min": 0.02,
      "discharge_max": 2487.86,
      "station_id": "samur_usuhchaj",
      "river": "Самур",
      "station": "Усухчай",
      "split_year": 2024
    },
    {
      "ok": true,
      "model": "seasonal-rolling-v1",
      "coefs": [
        237.421807,
        0.063428,
        1.002848,
        -0.010431,
        0.141209,
        0.752033,
        -1.369886,
        -23.691636,
        0.013497,
        0.044264,
        -10.381887,
        8.32823
      ],
      "feature_names": [
        "intercept",
        "Q",
        "logQ",
        "Q_3d",
        "Q_7d",
        "logQ_3d",
        "sin_doy",
        "cos_doy",
        "Q_sin_doy",
        "Q_cos_doy",
        "sin_2doy",
        "cos_2doy"
      ],
      "n_train": 3506,
      "n_test": 222,
      "r2": 0.8898,
      "rmse_cm": 16.59,
      "mean_level_cm": 261.1,
      "discharge_min": 0.02,
      "discharge_max": 1008.25,
      "station_id": "samur_ahty",
      "river": "Самур",
      "station": "Ахты",
      "split_year": 2018
    },
    {
      "ok": true,
      "model": "seasonal-rolling-v1",
      "coefs": [
        38.558188,
        0.092446,
        1.484136,
        -0.00515,
        0.129489,
        -1.486422,
        -2.070993,
        -32.21539,
        0.02696,
        0.046136,
        -12.219095,
        7.100454
      ],
      "feature_names": [
        "intercept",
        "Q",
        "logQ",
        "Q_3d",
        "Q_7d",
        "logQ_3d",
        "sin_doy",
        "cos_doy",
        "Q_sin_doy",
        "Q_cos_doy",
        "sin_2doy",
        "cos_2doy"
      ],
      "n_train": 4000,
      "n_test": 365,
      "r2": 0.479,
      "rmse_cm": 20.91,
      "mean_level_cm": 59.9,
      "discharge_min": 0.03,
      "discharge_max": 1163.13,
      "station_id": "samur_luchek",
      "river": "Самур",
      "station": "Лучек",
      "split_year": 2019
    },
    {
      "ok": true,
      "model": "seasonal-rolling-v1",
      "coefs": [
        396.162483,
        0.60633,
        -34.305654,
        -0.27452,
        0.16118,
        16.599142,
        4.37302,
        9.449315,
        0.033433,
        0.222165,
        3.454733,
        -3.879698
      ],
      "feature_names": [
        "intercept",
        "Q",
        "logQ",
        "Q_3d",
        "Q_7d",
        "logQ_3d",
        "sin_doy",
        "cos_doy",
        "Q_sin_doy",
        "Q_cos_doy",
        "sin_2doy",
        "cos_2doy"
      ],
      "n_train": 4018,
      "n_test": 365,
      "r2": -2.1703,
      "rmse_cm": 40.66,
      "mean_level_cm": 394.6,
      "discharge_min": 11.27,
      "discharge_max": 773.46,
      "station_id": "sulak_miatly",
      "river": "Сулак",
      "station": "Миатлы",
      "split_year": 2019
    },
    {
      "ok": true,
      "model": "seasonal-rolling-v1",
      "coefs": [
        218.897595,
        1.373925,
        -77.292866,
        -0.680878,
        0.317602,
        61.492425,
        44.295302,
        62.518659,
        -0.017929,
        0.509725,
        8.175778,
        -13.268037
      ],
      "feature_names": [
        "intercept",
        "Q",
        "logQ",
        "Q_3d",
        "Q_7d",
        "logQ_3d",
        "sin_doy",
        "cos_doy",
        "Q_sin_doy",
        "Q_cos_doy",
        "sin_2doy",
        "cos_2doy"
      ],
      "n_train": 4018,
      "n_test": 365,
      "r2": -0.5323,
      "rmse_cm": 58.6,
      "mean_level_cm": 187.1,
      "discharge_min": 14.96,
      "discharge_max": 815.58,
      "station_id": "sulak_yazykovka",
      "river": "Сулак",
      "station": "Языковка",
      "split_year": 2019
    },
    {
      "ok": true,
      "model": "seasonal-rolling-v1",
      "coefs": [
        194.137362,
        2.014686,
        -16.92983,
        -2.112781,
        2.091313,
        18.607033,
        21.358886,
        3.863692,
        -1.317816,
        0.624453,
        0.283516,
        4.697303
      ],
      "feature_names": [
        "intercept",
        "Q",
        "logQ",
        "Q_3d",
        "Q_7d",
        "logQ_3d",
        "sin_doy",
        "cos_doy",
        "Q_sin_doy",
        "Q_cos_doy",
        "sin_2doy",
        "cos_2doy"
      ],
      "n_train": 4018,
      "n_test": 365,
      "r2": -21.9821,
      "rmse_cm": 54.22,
      "mean_level_cm": 154.3,
      "discharge_min": 1.84,
      "discharge_max": 53.45,
      "station_id": "sulak_sulak",
      "river": "Сулак",
      "station": "Сулак",
      "split_year": 2019
    }
  ]
}